RE-656.txt,DD-730.txt
RE-656.txt,DD-731.txt
RE-656.txt,DD-760.txt
RE-656.txt,DD-761.txt
RE-656.txt,DD-764.txt
RE-656.txt,DD-767.txt
RE-659.txt,DD-730.txt
RE-659.txt,DD-764.txt
RE-664.txt,DD-732.txt
RE-664.txt,DD-761.txt
RE-664.txt,DD-764.txt
RE-664.txt,DD-767.txt
RE-666.txt,DD-732.txt
RE-666.txt,DD-733.txt
RE-666.txt,DD-734.txt
RE-668.txt,DD-732.txt
RE-668.txt,DD-757.txt
RE-668.txt,DD-761.txt
RE-668.txt,DD-762.txt
RE-668.txt,DD-764.txt
RE-668.txt,DD-767.txt
RE-670.txt,DD-730.txt
RE-670.txt,DD-731.txt
RE-670.txt,DD-732.txt
RE-670.txt,DD-744.txt
RE-670.txt,DD-757.txt
RE-670.txt,DD-762.txt
RE-670.txt,DD-764.txt
RE-670.txt,DD-767.txt
RE-672.txt,DD-730.txt
RE-672.txt,DD-731.txt
RE-672.txt,DD-732.txt
RE-672.txt,DD-761.txt
RE-672.txt,DD-762.txt
RE-672.txt,DD-764.txt
RE-672.txt,DD-767.txt
RE-677.txt,DD-764.txt
RE-677.txt,DD-767.txt
RE-679.txt,DD-767.txt
RE-681.txt,DD-730.txt
RE-681.txt,DD-742.txt
RE-681.txt,DD-743.txt
RE-681.txt,DD-749.txt
RE-681.txt,DD-755.txt
RE-681.txt,DD-756.txt
RE-681.txt,DD-757.txt
RE-681.txt,DD-761.txt
RE-681.txt,DD-763.txt
RE-689.txt,DD-760.txt
RE-689.txt,DD-761.txt
RE-691.txt,DD-727.txt
RE-691.txt,DD-728.txt
RE-691.txt,DD-730.txt
RE-691.txt,DD-731.txt
RE-691.txt,DD-732.txt
RE-691.txt,DD-733.txt
RE-691.txt,DD-734.txt
RE-691.txt,DD-735.txt
RE-691.txt,DD-740.txt
RE-691.txt,DD-752.txt
RE-691.txt,DD-755.txt
RE-691.txt,DD-757.txt
RE-691.txt,DD-761.txt
RE-691.txt,DD-763.txt
RE-691.txt,DD-764.txt
RE-691.txt,DD-768.txt
RE-693.txt,DD-730.txt
RE-693.txt,DD-731.txt
RE-693.txt,DD-737.txt
RE-693.txt,DD-740.txt
RE-693.txt,DD-747.txt
RE-693.txt,DD-749.txt
RE-693.txt,DD-750.txt
RE-693.txt,DD-755.txt
RE-693.txt,DD-763.txt
RE-693.txt,DD-764.txt
RE-695.txt,DD-727.txt
RE-695.txt,DD-728.txt
RE-695.txt,DD-730.txt
RE-695.txt,DD-742.txt
RE-695.txt,DD-743.txt
RE-695.txt,DD-744.txt
RE-695.txt,DD-747.txt
RE-695.txt,DD-749.txt
RE-695.txt,DD-752.txt
RE-695.txt,DD-753.txt
RE-695.txt,DD-755.txt
RE-695.txt,DD-756.txt
RE-695.txt,DD-761.txt
RE-695.txt,DD-763.txt
RE-695.txt,DD-764.txt
RE-698.txt,DD-744.txt
RE-698.txt,DD-749.txt
RE-698.txt,DD-756.txt
RE-698.txt,DD-763.txt
RE-701.txt,DD-727.txt
RE-701.txt,DD-730.txt
RE-701.txt,DD-742.txt
RE-701.txt,DD-743.txt
RE-701.txt,DD-744.txt
RE-701.txt,DD-747.txt
RE-701.txt,DD-749.txt
RE-701.txt,DD-750.txt
RE-701.txt,DD-752.txt
RE-701.txt,DD-753.txt
RE-701.txt,DD-755.txt
RE-701.txt,DD-756.txt
RE-701.txt,DD-757.txt
RE-701.txt,DD-763.txt
RE-701.txt,DD-764.txt
RE-702.txt,DD-730.txt
RE-702.txt,DD-742.txt
RE-702.txt,DD-744.txt
RE-702.txt,DD-756.txt
RE-702.txt,DD-763.txt
RE-702.txt,DD-764.txt
RE-706.txt,DD-727.txt
RE-706.txt,DD-728.txt
RE-706.txt,DD-730.txt
RE-706.txt,DD-742.txt
RE-706.txt,DD-743.txt
RE-706.txt,DD-744.txt
RE-706.txt,DD-747.txt
RE-706.txt,DD-750.txt
RE-706.txt,DD-752.txt
RE-706.txt,DD-753.txt
RE-706.txt,DD-755.txt
RE-706.txt,DD-756.txt
RE-706.txt,DD-757.txt
RE-706.txt,DD-763.txt
RE-706.txt,DD-764.txt
RE-709.txt,DD-727.txt
RE-709.txt,DD-728.txt
RE-709.txt,DD-730.txt
RE-709.txt,DD-731.txt
RE-709.txt,DD-737.txt
RE-709.txt,DD-740.txt
RE-709.txt,DD-745.txt
RE-709.txt,DD-747.txt
RE-709.txt,DD-749.txt
RE-709.txt,DD-750.txt
RE-709.txt,DD-752.txt
RE-709.txt,DD-753.txt
RE-709.txt,DD-755.txt
RE-709.txt,DD-756.txt
RE-709.txt,DD-757.txt
RE-709.txt,DD-763.txt
RE-714.txt,DD-727.txt
RE-714.txt,DD-728.txt
RE-714.txt,DD-730.txt
RE-714.txt,DD-737.txt
RE-714.txt,DD-740.txt
RE-714.txt,DD-747.txt
RE-714.txt,DD-749.txt
RE-714.txt,DD-750.txt
RE-714.txt,DD-752.txt
RE-714.txt,DD-753.txt
RE-714.txt,DD-755.txt
RE-714.txt,DD-756.txt
RE-714.txt,DD-757.txt
RE-714.txt,DD-763.txt
RE-722.txt,DD-727.txt
RE-722.txt,DD-728.txt
RE-722.txt,DD-730.txt
RE-722.txt,DD-737.txt
RE-722.txt,DD-740.txt
RE-722.txt,DD-742.txt
RE-722.txt,DD-743.txt
RE-722.txt,DD-744.txt
RE-722.txt,DD-747.txt
RE-722.txt,DD-749.txt
RE-722.txt,DD-750.txt
RE-722.txt,DD-752.txt
RE-722.txt,DD-753.txt
RE-722.txt,DD-755.txt
RE-722.txt,DD-756.txt
RE-722.txt,DD-757.txt
RE-722.txt,DD-763.txt
RE-722.txt,DD-768.txt
RE-729.txt,DD-727.txt
RE-729.txt,DD-728.txt
RE-729.txt,DD-730.txt
RE-729.txt,DD-731.txt
RE-729.txt,DD-732.txt
RE-729.txt,DD-733.txt
RE-729.txt,DD-734.txt
RE-729.txt,DD-735.txt
RE-729.txt,DD-737.txt
RE-729.txt,DD-740.txt
RE-729.txt,DD-744.txt
RE-729.txt,DD-745.txt
RE-729.txt,DD-747.txt
RE-729.txt,DD-749.txt
RE-729.txt,DD-750.txt
RE-729.txt,DD-752.txt
RE-729.txt,DD-755.txt
RE-729.txt,DD-756.txt
RE-729.txt,DD-757.txt
RE-729.txt,DD-763.txt
RE-729.txt,DD-768.txt
RE-736.txt,DD-727.txt
RE-736.txt,DD-728.txt
RE-736.txt,DD-730.txt
RE-736.txt,DD-737.txt
RE-736.txt,DD-740.txt
RE-736.txt,DD-747.txt
RE-736.txt,DD-749.txt
RE-736.txt,DD-750.txt
RE-736.txt,DD-752.txt
RE-736.txt,DD-753.txt
RE-736.txt,DD-755.txt
RE-736.txt,DD-756.txt
RE-736.txt,DD-757.txt
RE-739.txt,DD-727.txt
RE-739.txt,DD-728.txt
RE-739.txt,DD-730.txt
RE-739.txt,DD-731.txt
RE-739.txt,DD-732.txt
RE-739.txt,DD-733.txt
RE-739.txt,DD-734.txt
RE-739.txt,DD-735.txt
RE-739.txt,DD-740.txt
RE-739.txt,DD-745.txt
RE-739.txt,DD-749.txt
RE-739.txt,DD-757.txt
RE-739.txt,DD-764.txt
RE-739.txt,DD-768.txt
RE-741.txt,DD-727.txt
RE-741.txt,DD-728.txt
RE-741.txt,DD-730.txt
RE-741.txt,DD-742.txt
RE-741.txt,DD-743.txt
RE-741.txt,DD-744.txt
RE-741.txt,DD-745.txt
RE-741.txt,DD-752.txt
RE-741.txt,DD-755.txt
RE-741.txt,DD-757.txt
RE-741.txt,DD-763.txt
RE-741.txt,DD-768.txt
RE-746.txt,DD-727.txt
RE-746.txt,DD-742.txt
RE-746.txt,DD-755.txt
RE-746.txt,DD-756.txt
RE-746.txt,DD-757.txt
RE-746.txt,DD-763.txt
RE-751.txt,DD-730.txt
RE-751.txt,DD-742.txt
RE-751.txt,DD-743.txt
RE-751.txt,DD-744.txt
RE-751.txt,DD-752.txt
RE-751.txt,DD-753.txt
RE-751.txt,DD-755.txt
RE-751.txt,DD-756.txt
RE-751.txt,DD-757.txt
RE-751.txt,DD-763.txt
RE-754.txt,DD-730.txt
RE-754.txt,DD-742.txt
RE-754.txt,DD-743.txt
RE-754.txt,DD-744.txt
RE-754.txt,DD-747.txt
RE-754.txt,DD-750.txt
RE-754.txt,DD-752.txt
RE-754.txt,DD-753.txt
RE-754.txt,DD-755.txt
RE-754.txt,DD-756.txt
RE-754.txt,DD-757.txt
RE-754.txt,DD-763.txt
RE-759.txt,DD-727.txt
RE-759.txt,DD-728.txt
RE-759.txt,DD-730.txt
RE-759.txt,DD-731.txt
RE-759.txt,DD-732.txt
RE-759.txt,DD-737.txt
RE-759.txt,DD-743.txt
RE-759.txt,DD-747.txt
RE-759.txt,DD-750.txt
RE-759.txt,DD-761.txt
RE-759.txt,DD-763.txt
RE-759.txt,DD-764.txt